{
  "calibra_points": [
    [146.481186,258.995209,295.441803],
    [136.163391,279.579346,395.77478],
    [-11.526893,376.6362,377.270264],
    [-113.78215,366.437988,497.93457],
    [-110.085602,423.887482,406.692688],
    [70.496536,393.598755,395.650055],
    [-155.887314,375.855255,415.470734],
    [-107.72052,383.466217,262.47049],
    [230.958405,335.065552,255.953339],
    [313.277313,149.985275,250.322586]
  ],
  "test_points": [
    [241.47374,225.66925,232.580765],
    [78.880409,345.011414,261.328094],
    [264.127686,120.363892,326.486053]
  ],
  "arm_pos_list": [
    [146.481186,258.995209,295.441803],
    [-11.526855,376.636169,377.270264],
    [-113.78212,366.437988,497.93454],
    [-110.085602,423.887451,406.692719],
    [70.49649,393.598755,395.650055],
    [-155.887268,375.855255,415.470734]
  ],
  "camera_pos_list": [
    [-193.59755340080653,-196.54697781643813,954.81494140625],
    [-121.10066873376411,-95.38121193667143,785.5706787109375],
    [-30.168646398187036,-128.15251213977692,661.2637939453125],
    [-62.432529316437865,-37.373355984221234,709.5360717773438],
    [-200.3472611184928,-128.93717528476407,785.7905883789062],
    [1.6007217282363513,-56.925143698686526,712.2053833007812]
  ],
  "transform_cam2arm": [
    [-0.8543338917343131,-0.4292668787290031,0.3110328949997762,-400.3052030955537],
    [-0.5207157889290517,0.7115760967141057,-0.4898652289759165,765.9132375235276],
    [0.0016180535448022061,-0.5679014968198935,-0.8209886440430731,968.0310052311069],
    [-1.734723475976807e-18,-3.0357660829594124e-18,1.734723475976807e-18,0.9999999999999993]
  ]
}